"","x"
"1",0.174825665217391
"2",0.142819454545455
"3",0.114304476190476
"4",0.102144063829787
"5",0.0813141276595745
"6",0.1741025
"7",0.570591489361702
"8",0.679901106382979
"9",-0.71627829787234
"10",0.108257914893617
"11",0.0948537234042553
"12",0.162680768085106
"13",0.113492829787234
"14",0.0537408510638298
"15",0.202615744680851
"16",0.244075531914894
"17",0.124756680851064
"18",0.111925319148936
"19",-0.0358214085106383
"20",0.0677958723404255
"21",0.0547697872340426
"22",0.0825424347826087
"23",0.0502099333333333
"24",0.0572315744680851
"25",0.0304462106521739
"26",0.0609419574468085
"27",0.042939085106383
"28",0.0653214893617021
"29",0.0602785957446808
"30",0.123106254468085
"31",0.017090329787234
"32",0.176426106382979
"33",0.0824701489361702
"34",0.0853734893617021
"35",0.0220876808510638
"36",0.0646201063829787
"37",0.107697913043478
"38",0.0640478260869565
"39",0.182895106382979
"40",0.0642427021276596
"41",0.0567244595744681
"42",-0.0533902391304348
"43",-0.0178055553191489
"44",0.0474912553191489
"45",-0.0567536304347826
"46",0.0897264042553192
"47",0.0273674553191489
"48",0.160473574468085
"49",0.189031455319149
"50",-0.00515702127659575
"51",0.023374347826087
"52",-0.122447391304348
"53",-0.0238931361702128
"54",0.158569917021277
"55",-0.00912949361702128
"56",0.0330434042553191
"57",-0.308079695652174
"58",0.0976313813043478
"59",0.0482081191489362
"60",0.077529914893617
"61",0.0872465652173913
"62",0.00430002127659574
"63",0.00536027234042553
"64",0.00870085106382979
"65",0.120015861702128
"66",0.0526574042553191
"67",0.0705664680851064
"68",0.182882170212766
"69",0.168914
"70",-0.0276874090909091
"71",0.0941821044444445
"72",0.0315595531914894
"73",0.0358007191489362
"74",0.0858018936170213
"75",0.113549695652174
"76",0.0137858043478261
"77",0.196107742857143
"78",0.222693057659574
"79",0.279304757446808
"80",0.354270553191489
"81",0.551448085106383
"82",0.332942111111111
"83",0.599316216216216
"84",0.491928936170213
"85",0.674972744680851
"86",0.301270957446808
"87",-0.116777325581395
"88",0.259371695652174
"89",0.149733708510638
"90",0.248437234042553
"91",0.128411194444444
"92",0.0538139130434783
"93",0.0390769787234043
"94",0.0360217659574468
"95",0.0581082191489362
"96",0.0524514255319149
"97",0.120539173913043
"98",0.348390369130435
"99",0.482967765957447
"100",0.712485555555556
"101",0.203085255319149
"102",0.138526936170213
"103",0.302611538461538
"104",-0.192135
"105",0.193032829787234
"106",0.312052666666667
"107",-0.6437
"108",0.374148024390244
"109",0.00431846666666667
"110",0.0247394893617021
"111",-0.147970489361702
"112",-0.114837234042553
"113",0.36357914893617
"114",-0.545106936170213
"115",-0.739554468085106
"116",-1.11841446808511
"117",-1.1080829787234
"118",-0.202902173913043
"119",-0.404752404255319
"120",-0.921081510638298
"121",-0.471525531914894
"122",-0.540209787234043
"123",-0.771181914893617
"124",-1.25834680851064
"125",-0.886176595744681
"126",-0.664191489361702
"127",-0.421904347826087
"128",NA
"129",-1.72164707317073
"130",-0.738991276595745
"131",-0.952406326086957
"132",-0.813474468085106
"133",-0.761070661702128
"134",-1.13826108695652
"135",-0.579159212765957
"136",0.265868
"137",-1.9048759106383
"138",-1.0854914893617
"139",-1.24769936170213
"140",-1.27294819148936
"141",-1.26210195652174
"142",-1.32633658085106
"143",-1.22809893617021
"144",-1.65189595744681
"145",-0.791787234042553
"146",-1.01052914893617
"147",-1.39107822222222
"148",-0.953586146341463
"149",0.223773829787234
"150",-3.72186896551724
"151",-1.38061423404255
"152",-1.43880489361702
"153",-1.48037565217391
"154",-1.4934129787234
"155",-1.95716
"156",-0.82445775
"157",-0.533373571428571
"158",-1.59818085106383
"159",-1.24493127659574
"160",-1.29676086956522
"161",-2.04503304347826
"162",-1.82592092857143
"163",-1.20400979069767
"164",-0.981781186046512
"165",-0.613936170212766
"166",-1.16197872340426
"167",-1.17759222222222
"168",-1.17099454545455
"169",-1.05636095555556
"170",0.464620222222222
"171",1.35987111111111
"172",0.0401897435897436
"173",-0.468663829787234
"174",-2.15162847826087
"175",-2.49306382978723
"176",-0.76910470212766
"177",-1.81080222222222
"178",-0.531537317073171
"179",-2.48702608695652
"180",-0.883775652173913
"181",-0.463821276595745
"182",-0.817658695652174
"183",0.942392378378378
"184",NA
"185",-2.66255486486486
"186",-1.19921195652174
"187",-0.928362173913043
"188",-0.772737872340426
"189",-1.50933521276596
"190",-0.667650476190476
"191",-0.344713636363636
"192",-0.538082863636364
"193",1.12394723404255
"194",-1.46747638888889
"195",-0.389210434782609
"196",0.675208510638298
"197",-0.77094
"198",-0.655988510638298
"199",-1.566435
"200",-1.12679520833333
"201",-2.17329377777778
"202",-1.79375659574468
"203",-1.35933093023256
"204",-0.360734666666667
"205",0.371202391304348
"206",0.00526674418604653
"207",-0.0965936170212766
"208",-0.540498913043478
"209",0.313737555555556
"210",-1.42975833333333
"211",-0.830337659574468
"212",0.0771712195121951
"213",-0.301560571428571
"214",0.8835852
"215",-2.23561428571429
"216",1.26773416666667
"217",NA
"218",-1.75591315789474
"219",-0.598729130434783
"220",-0.0346588888888889
"221",1.02464574468085
"222",-0.36209829787234
"223",0.349657777777778
"224",-0.193802093023256
"225",1.98546536585366
"226",0.878014878048781
"227",0.635999488888889
"228",0.666913739130435
"229",0.203143829787234
"230",0.298955319148936
"231",0.796974042553191
"232",-0.0187212765957447
"233",-0.75504914893617
"234",-0.115839347826087
"235",0.493088888888889
"236",-0.373745652173913
"237",-0.909653630434783
"238",-1.00215
"239",0.459263191489362
"240",-1.27163260869565
"241",-0.440686590909091
"242",-0.392069787234043
"243",-0.186353288888889
"244",-0.475114347826087
"245",-0.547712765957447
"246",-0.656577680851064
"247",0.58964185106383
"248",0.0825312765957447
"249",-0.260148770454545
"250",-0.168376170212766
"251",0.224803404255319
"252",0.330779411764706
"253",0.772447272727273
"254",-0.385793617021277
"255",-0.235512045454545
"256",-0.3686
"257",-0.585990066666667
"258",0.228199565217391
"259",-1.41040444444444
"260",-0.197988888888889
"261",-1.10627179487179
"262",0.059205
"263",-1.12535577777778
"264",-0.455938
"265",-0.927748888888889
"266",0.0330456818181818
"267",-0.690302222222222
"268",-0.0176636363636364
"269",-0.584112765957447
"270",-0.815532765957447
"271",-0.730372553191489
"272",-0.474286222222222
"273",-0.180798695652174
"274",-0.249252255319149
"275",-0.0747273913043479
"276",-0.0814997826086956
"277",0.05229
"278",0.925783936170213
"279",1.21866170212766
"280",-0.274029127659574
"281",0.561206896551724
"282",-0.0936515151515151
"283",-0.223782978723404
"284",-0.693534042553192
"285",-0.266705739130435
"286",-0.637271234042553
"287",-0.434833404255319
"288",-0.201817446808511
"289",0.00298202127659576
"290",-0.435674347826087
"291",0.19135585106383
"292",0.342510384615385
"293",-0.425384857142857
"294",-0.0595261489361702
"295",NA
"296",NA
"297",NA
"298",NA
"299",NA
"300",NA
"301",0.210144893617021
"302",0.448168222222222
"303",0.474206382978723
"304",0.351455777777778
"305",0.46549152173913
"306",0.240207978723404
"307",0.257884680851064
"308",0.757336957446809
"309",0.246680785714286
"310",0.204158666666667
"311",0.224518977777778
"312",0.273305265957447
"313",0.241928276595745
"314",0.350620044444444
"315",0.301292765957447
"316",0.175962765957447
"317",0.255093695652174
"318",0.38559152173913
"319",0.279757380851064
"320",0.0497908510638298
"321",0.157650891304348
"322",0.168431680851064
"323",0.192298
"324",0.16711185106383
"325",0.110963893617021
"326",0.228266466666667
"327",0.250348202325581
"328",0.112825977777778
"329",0.18129070212766
"330",0.117464925531915
"331",0.145383021276596
"332",0.18578447826087
"333",0.185204847826087
"334",0.107622531914894
"335",0.051524085106383
"336",0.0356553913043478
"337",NA
"338",0.0658142340425532
"339",0.161374847826087
"340",0.0615199565217391
"341",0.158807620444444
"342",0.103265659574468
"343",0.0844906382978723
"344",0.0355163863636364
"345",0.109528195652174
"346",0.0285583333333333
"347",0.331291512195122
"348",0.10034169047619
"349",0.111843106382979
"350",0.091110375
"351",0.161331831914894
"352",0.144490631914894
"353",0.135753934782609
"354",0.164445255319149
"355",0.325371361702128
"356",0.191564468085106
"357",0.100676291702128
"358",0.133207021276596
"359",0.128599829787234
"360",0.346854043478261
"361",0.527206382978723
"362",0.192694893617021
"363",0.115635872340426
"364",0.0302063212765957
"365",NA
"366",NA
"367",NA
"368",NA
"369",NA
"370",NA
"371",0.239157428571429
"372",NA
"373",NA
"374",0.0470013228571429
"375",0.0269098765957447
"376",0.0417597680851064
"377",0.0745910361702128
"378",0.0532164212765957
"379",0.0267589680851064
"380",0.0411795086956522
"381",0.0405927361702128
"382",0.0290855425531915
"383",0.111724284042553
"384",0.0810801787234043
"385",0.126694121276596
"386",-0.0141900659574468
"387",0.070449070212766
"388",0.0800593770212766
"389",0.0553683836170213
"390",0.0673502389361702
"391",0.0111341074468085
"392",-0.024014803030303
"393",0.372640552380952
"394",0.108120119361702
"395",0.122136573404255
"396",0.0310861446808511
"397",0.0273328589361702
"398",0.102085227659574
"399",0.113144195531915
"400",0.0660473361702128
"401",0.0550966531914894
"402",0.16991425547619
"403",0.0827758914893617
"404",0.101125412765957
"405",0.0119815127659574
"406",-0.00344968510638298
"407",0.0236793340425532
"408",0.200782782978723
"409",0.100623544680851
"410",0.121072453191489
"411",0.0358282340425532
"412",0.101093120689655
"413",0.0837806972340426
"414",0.0957916311111111
"415",0.163310075957447
"416",0.0519894234042553
"417",0.0640424765957447
"418",0.0551972323404255
"419",0.1076978
"420",0.205127865957447
"421",0.106497181956522
"422",0.04971344
"423",NA
"424",0.0653388058823529
"425",0.192699561702128
"426",0.211686574468085
"427",0.16514790212766
"428",0.24391909787234
"429",0.195300609361702
"430",0.0809236868085106
"431",0.0691126127659574
"432",0.205448806382979
"433",0.276841489361702
"434",0.397853565957447
"435",0.241551885106383
"436",0.277532944680851
"437",0.303242659574468
"438",0.281158404255319
"439",0.272125430851064
"440",0.13187664
"441",0.227210704255319
"442",0.180153472765957
"443",0.165064425531915
"444",0.0954148055555556
"445",0.159119093478261
"446",0.214689003404255
"447",0.197807744680851
"448",0.193313524893617
"449",0.342216287234043
"450",0.338539063829787
"451",0.136503987234043
"452",0.2316351
"453",0.351953914893617
"454",0.212163608510638
"455",0.351439891304348
"456",0.555109017021277
"457",0.529391446808511
"458",0.530438563829787
"459",0.496771546808511
"460",0.531649117021277
"461",0.185140770212766
"462",0.24271829787234
"463",0.425100267647059
"464",0.25712210952381
"465",0.29930334893617
"466",0.198730135531915
"467",0.214093500851064
"468",0.059413829787234
"469",0.258752106382979
"470",0.236544617021277
"471",0.230618468085106
"472",0.235288118214286
"473",0.0548723808510638
"474",-0.235046897435897
"475",-0.112332206304348
"476",-0.0797227659574468
"477",-0.199045440425532
"478",-0.154580893617021
"479",0.0433578042553192
"480",0.148898744680851
"481",-0.582975319148936
"482",-0.22571384893617
"483",-0.230169465957447
"484",-0.0594673043478261
"485",-0.583696678297872
"486",-0.839427659574468
"487",-0.460132085106383
"488",-0.386288682978723
"489",-0.626566006382979
"490",-0.109728040425532
"491",-0.42265005
"492",-0.164818717021277
"493",-0.308952053191489
"494",-0.207480085106383
"495",-0.517749212765957
"496",-0.00522878723404255
"497",-0.647038104255319
"498",-0.497581240425532
"499",-0.296029205957447
"500",-1.269705
"501",-0.50087652173913
"502",-0.794967365957447
"503",-0.74035170212766
"504",-0.03428252
"505",-1.03838587234043
"506",NA
"507",-3.11622857142857
"508",-0.609132030232558
"509",-1.37062516170213
"510",-1.18427627234043
"511",-0.0108392333333333
"512",-1.21526010851064
"513",-1.23484074468085
"514",-1.52463082978723
"515",-0.365906533333333
"516",0.572242222222222
"517",NA
"518",-3.72131947368421
"519",-1.53045504255319
"520",-0.681906808510638
"521",-0.442697063829787
"522",-0.772872765957447
"523",-0.364301723404255
"524",1.28667952380952
"525",-2.79329161290323
"526",-2.4006830212766
"527",-1.49076142553191
"528",0.300346588235294
"529",-2.00444
"530",0.676036086956522
"531",-2.45288344827586
"532",-1.84226790909091
"533",-1.97416182978723
"534",-2.78295634146341
"535",-1.68368585106383
"536",-0.916335510638298
"537",-1.73189425531915
"538",-1.96392125531915
"539",-2.13686176595745
"540",-2.26791925531915
"541",-2.50066934042553
"542",-1.89022280851064
"543",-1.5687894106383
"544",-0.386235587234042
"545",-0.260009489361702
"546",-1.07053202173913
"547",-1.34455672340426
"548",-0.702095806382979
"549",0.560445365909091
"550",-0.366215333333333
"551",-1.75242872978723
"552",-2.0434118
"553",-0.856900872340426
"554",-0.863814893617021
"555",1.11635892682927
"556",-1.97771503125
"557",-1.59598119148936
"558",-0.816053965348837
"559",1.46611409756098
"560",0.480320638297872
"561",0.882130868888889
"562",0.446996617021277
"563",-0.98243829787234
"564",1.61935506382979
"565",NA
"566",NA
"567",NA
"568",NA
"569",NA
"570",NA
"571",NA
"572",NA
"573",NA
"574",NA
"575",NA
"576",NA
"577",NA
"578",NA
"579",NA
"580",NA
"581",NA
"582",NA
"583",NA
"584",NA
"585",0.9370575
"586",4.084448
"587",0.0874446808510638
"588",-1.49207738297872
"589",-1.14351866666667
"590",-1.57586133829787
"591",-0.921201212765957
"592",-0.217011521739131
"593",0.210458085106383
"594",-0.275490893617021
"595",-0.750116956521739
"596",-1.82524454545455
"597",-0.960349787234043
"598",-1.60412287234043
"599",0.708093424242424
"600",-1.31780380851064
"601",0.614565574468085
"602",-4.06387461538462
"603",-0.904977574468085
"604",-0.473402468085106
"605",-1.69016021617021
"606",-0.168738531914894
"607",-0.868894266666667
"608",-0.426485142857143
"609",-1.29905972978723
"610",1.71820802631579
"611",1.97768243243243
"612",-4.85607428571429
"613",-0.993151739130435
"614",0.576975353333333
"615",-2.16399060606061
"616",-0.674655774468085
"617",-1.06342606382979
"618",0.960290555555556
"619",-2.23349888888889
"620",-0.635210744680851
"621",1.36149131428571
"622",-0.866244106382979
"623",-0.868157744680851
"624",-0.507825782978723
"625",-0.85289991627907
"626",3.64530592592593
"627",1.95729328571429
"628",-1.683764
"629",0.769714545454546
"630",-1.06215114893617
"631",0.0253134042553191
"632",-0.389479808510638
"633",-0.304243829787234
"634",-0.246893404255319
"635",-0.579634468085106
"636",-0.703134704255319
"637",0.377602978723404
"638",-0.70425670212766
"639",0.74310075106383
"640",-0.0591041063829787
"641",-0.302056493478261
"642",-0.240089361702128
"643",-0.0631147826086956
"644",-0.422827222222222
"645",-0.252588489361702
"646",-0.132303957446809
"647",-0.557735063829787
"648",-0.397381717021277
"649",0.127215404255319
"650",-0.554867025531915
"651",-0.446248085106383
"652",0.156380113043478
"653",-0.651494852941176
"654",0.297125106382979
"655",0.342056617021277
"656",0.230729893617021
"657",0.255187625531915
"658",0.251080965957447
"659",0.710536744680851
"660",0.312737361702128
"661",0.312288255319149
"662",0.375736303030303
"663",0.595699857142857
"664",0.55961747826087
"665",NA
"666",NA
"667",NA
"668",NA
"669",NA
"670",NA
"671",NA
"672",NA
"673",NA
"674",NA
"675",NA
"676",NA
"677",NA
"678",NA
"679",NA
"680",0.140355285714286
"681",0.233254587234043
"682",0.42835300212766
"683",0.529261070212766
"684",0.4014963
"685",0.55510479106383
"686",0.521424510638298
"687",0.428735795652174
"688",0.420924404255319
"689",0.462201004255319
"690",0.177849821276596
"691",0.326917914893617
"692",0.283965744680851
"693",0.194848772340426
"694",0.121337980851064
"695",0.142871404255319
"696",0.228974284042553
"697",0.208378372765957
"698",0.181224268085106
"699",0.17357970212766
"700",0.0558372404255319
"701",0.152052957446809
"702",0.131221794042553
"703",0.295852886170213
"704",0.215374431914894
"705",0.191428155319149
"706",0.0245767768085106
"707",0.24833236787234
"708",0.152466272340426
"709",0.0258551170212766
"710",0.140650444680851
"711",0.211417625531915
"712",0.0894826808510638
"713",0.151893534042553
"714",0.302191680851064
"715",0.11402440212766
"716",0.120335893617021
"717",0.193035993829787
"718",0.0612168127659574
"719",0.085088314893617
"720",0.00426481914893617
"721",0.0631415404255319
"722",0.152327072340426
"723",0.108109067446809
"724",0.06164413
"725",-0.0144319042553191
"726",0.0569856808510638
"727",0.139279144680851
"728",0.106342972340426
"729",0.0504491268085106
"730",-0.00415426595744681
"731",0.0580887446808511
"732",0.115579390851064
"733",0.126678965957447
"734",0.119182893617021
"735",NA
"736",0.337633520454545
"737",0.164560416341463
"738",-0.0113677152173913
"739",0.0646237468085106
"740",0.0481360914893617
"741",0.143981578723404
"742",0.0888667468085106
"743",0.0258147659574468
"744",-0.0262118361702128
"745",0.0387826063829787
"746",0.102384317021277
"747",0.115933034042553
"748",0.168340829787234
"749",0.0611509765957447
"750",0.0127353063829787
"751",0.0189979831914894
"752",-0.0165293957446809
"753",0.17929540212766
"754",0.0827738829787234
"755",0.124936248
"756",0.0268701818181818
"757",-0.00845597142857143
"758",0.113053692307692
"759",0.0865642134042553
"760",0.00744727021276596
"761",0.153078433333333
"762",0.111735627446809
"763",0.270308170212766
"764",0.329628707317073
"765",0.121318404545455
"766",0.0835271744680851
"767",0.00817044468085106
"768",0.0771510170212766
"769",0.200372636170213
"770",0.112533459574468
"771",0.117502942045455
"772",0.326439942857143
"773",0.217394648648649
"774",0.0660093954545455
"775",0.1546546075
"776",0.14435837948718
"777",0.0985342040425532
"778",0.122999461702128
"779",0.0926932859574468
"780",0.0666062680851064
"781",0.0791936808510638
"782",0.116140346511628
"783",0.0943015872340426
"784",0.0278496980555556
"785",0.0414439036170213
"786",0.0156236161702128
"787",0.0526996111111111
"788",0.0611521481578947
"789",0.114963846808511
"790",0.0614537483333333
"791",0.0727203125
"792",0.0894349142857143
"793",0.133826564102564
"794",0.256268586666667
"795",0.394054704255319
"796",0.123145893617021
"797",0.140604869565217
"798",0.140613574468085
"799",-0.0149358166666667
"800",NA
"801",NA
"802",0.011244625
"803",0.0927423255319149
"804",0.127285838636364
"805",0.137824248837209
"806",0.283393029772727
"807",0.0527020888888889
"808",0.0511636275
"809",0.0611292625714286
"810",0.0755247105128205
"811",0.015317912962963
"812",0.02152909
"813",0.107865941304348
"814",0.09454485
"815",0.199249204347826
"816",0.221770914893617
"817",0.101205229787234
"818",0.133110976595745
"819",0.0315318863636364
"820",0.360009313333333
"821",0.314195
"822",0.337878076595745
"823",0.451602210869565
"824",0.475350765957447
"825",0.19271695106383
"826",0.343986118510638
"827",0.500820595744681
"828",0.296463531914894
"829",0.0783021489361702
"830",-0.275403191489362
"831",0.159105106382979
"832",-0.436984413043478
"833",0.0305752765957447
"834",-0.0222255
"835",-0.296400063829787
"836",0.181244025641026
"837",-0.871211545454545
"838",-0.405966282608696
"839",-1.01905868085106
"840",0.28290854
"841",-0.833465234893617
"842",-1.15687531914894
"843",-0.639439442553192
"844",-0.951034063829787
"845",-1.33658455319149
"846",-1.2340455106383
"847",-0.14667485106383
"848",-0.202282434042553
"849",0.193647389361702
"850",0.280157895744681
"851",0.119421106382979
"852",0.157185795652174
"853",0.103285780851064
"854",-0.411562361702128
"855",-0.653242757446808
"856",-0.715579732340425
"857",-1.05175576595745
"858",-0.497945127659574
"859",-0.827718
"860",-1.29657063212766
"861",-0.212070553191489
"862",-0.494585834042553
"863",0.243415748
"864",NA
"865",NA
"866",-1.00629515869565
"867",-1.07312586956522
"868",-0.974188936170213
"869",0.55862776744186
"870",-0.676898285714286
"871",-1.16879093023256
"872",-0.14789522
"873",-1.09887559574468
"874",-0.0230239595744681
"875",-1.94399570212766
"876",-2.51262978723404
"877",-1.22682217391304
"878",-1.56834004651163
"879",-1.59419695744681
"880",-1.27287404255319
"881",-1.20572238297872
"882",-1.29264838913043
"883",-0.887514872340426
"884",1.28856557234043
"885",-0.0134303617021276
"886",-0.335462090909091
"887",0.586857083333333
"888",-0.680056136363636
"889",-2.29853647058824
"890",-1.88497810638298
"891",-0.799831304545455
"892",-0.539441363636364
"893",-0.270002127659574
"894",-1.22410708510638
"895",-1.14378180851064
"896",-0.426800638297872
"897",-1.86488776744186
"898",-0.896636444444444
"899",1.00823061702128
"900",1.03365
"901",-2.61344513513514
"902",-1.82714936170213
"903",-1.17199738297872
"904",0.291962212765957
"905",0.336401987234043
"906",-2.42536640425532
"907",-2.00237742553192
"908",-0.931574893617021
"909",0.0445981063829786
"910",-1.47907583829787
"911",-0.241302521276596
"912",-1.10159058022727
"913",0.298495130434783
"914",-0.162664906818182
"915",-0.147669787234043
"916",-0.66608332826087
"917",-0.904736659574468
"918",0.467980425531915
"919",3.04379566666667
"920",0.168017674418605
"921",1.2515527027027
"922",0.141902553191489
"923",0.358607234042553
"924",-0.310871765957447
"925",1.402167904
"926",2.1486124
"927",0.291382558139535
"928",0.442413409090909
"929",3.031398
"930",-1.93756172727273
"931",0.702597692307692
"932",-1.94325205128205
"933",-0.0788164042553192
"934",2.43920058333333
"935",1.08130102173913
"936",-1.498548
"937",-2.62244438085106
"938",-2.02554485106383
"939",-1.77970319148936
"940",-1.07606093617021
"941",-0.946975361702128
"942",-0.070891014893617
"943",0.368748170212766
"944",1.46177
"945",0.525967571428571
"946",1.80640391304348
"947",-0.166867352941176
"948",-0.228070512820513
"949",1.06245878571429
"950",-0.716245897659574
"951",-1.43568586956522
"952",-1.80501537674419
"953",-2.56195319148936
"954",2.17239508
"955",-1.23718135135135
"956",-1.46416065957447
"957",-0.619115369565217
"958",-0.140893111111111
"959",-1.64455674285714
"960",0.61973347826087
"961",0.835993111111111
"962",-1.06417455744681
"963",-1.29902936170213
"964",-1.14688957446809
"965",-0.426014468085106
"966",2.66861864864865
"967",3.34569142857143
"968",1.644615
"969",-0.637778348837209
"970",-0.539984760869565
"971",-1.14584666888889
"972",-0.349304722222222
"973",0.480392913043478
"974",1.3318430952381
"975",-1.19245808510638
"976",-0.269175456521739
"977",-0.359743191489362
"978",-0.522091739130435
"979",1.02240813513514
"980",-0.530733255813953
"981",-0.791084202173913
"982",-0.757194680851064
"983",-0.410575695652174
"984",1.2349935
"985",2.13812111111111
"986",-0.893520234042553
"987",0.9846005
"988",0.984712481481481
"989",-3.816715
"990",-0.23484548
"991",-1.45049335434783
"992",-1.09069870212766
"993",-0.531498382978723
"994",-0.377802553191489
"995",-1.46512429787234
"996",-1.55764979130435
"997",0.365453565217391
"998",-1.11846957446809
"999",-0.543015106382979
"1000",-0.382052638297872
"1001",-0.585983404255319
"1002",-1.19446576086957
"1003",-0.66965430212766
"1004",-0.194528496170213
"1005",0.522022659574468
"1006",-0.0564931707317073
"1007",-0.0824371489361703
"1008",-0.156602787234043
"1009",-0.308421987234043
"1010",-0.160615617021277
"1011",0.384276106382979
"1012",-0.52698729787234
"1013",-0.187333014893617
"1014",-0.38449083893617
"1015",-0.0662412765957447
"1016",-0.119833617021277
"1017",0.250332808510638
"1018",-0.339185
"1019",-0.486707318085106
"1020",-0.123559489361702
"1021",0.192288918918919
"1022",0.68751872972973
"1023",-0.0731372276595745
"1024",0.249739813636364
"1025",-0.0608957659574468
"1026",0.0785000127659575
"1027",0.0394479361702128
"1028",0.293901079333333
"1029",0.272285646808511
"1030",0.0321706361702128
"1031",0.559838119148936
"1032",0.658088932608696
"1033",0.466863735106383
"1034",0.455765027659574
"1035",0.347441170212766
"1036",0.373820182978723
"1037",0.578683957446809
"1038",0.274260242553191
"1039",0.495429425531915
"1040",0.215213787234043
"1041",0.254788181818182
"1042",0.169850446808511
"1043",0.426419078723404
"1044",0.484723680851064
"1045",0.541769765957447
"1046",0.540078255319149
"1047",0.423451127659574
"1048",0.354194276595745
"1049",0.10260302826087
"1050",0.17284144106383
"1051",0.19510729787234
"1052",0.138538361702128
"1053",0.364839586956522
"1054",0.406538655813953
"1055",0.523697894736842
"1056",0.424701044444444
"1057",0.430647489361702
"1058",0.235149106382979
"1059",0.153871872340426
"1060",0.10223040212766
"1061",0.148695682978723
"1062",0.225805836170213
"1063",0.0692138710869565
"1064",0.100925704347826
"1065",0.0758206042553192
"1066",0.101237519148936
"1067",-0.042405547826087
"1068",0.0645944023404255
"1069",0.0918209480851064
"1070",0.0740085036170213
"1071",0.10488691787234
"1072",0.149452785106383
"1073",0.124851859574468
"1074",0.259649063829787
"1075",0.379267170212766
"1076",0.358646253191489
"1077",0.288198536170213
"1078",0.177916968723404
"1079",0.05666667
"1080",0.27078
"1081",0.0261075
"1082",NA
"1083",0.267073310638298
"1084",0.113663881818182
"1085",0.168088486315789
"1086",0.07178611875
"1087",0.148126836170213
"1088",0.138503572340426
"1089",0.229547117659574
"1090",0.0885388776595745
"1091",0.201458863617021
"1092",0.213545979787234
"1093",0.120500490909091
"1094",NA
"1095",NA
"1096",NA
"1097",NA
"1098",NA
"1099",NA
"1100",NA
"1101",NA
"1102",-0.0778591818181818
"1103",0.114396570212766
"1104",0.121166972978723
"1105",0.136727514893617
"1106",0.112551559574468
"1107",0.0525037957446809
"1108",0.060308469047619
"1109",0.153981591489362
"1110",0.0604724853191489
"1111",0.0282255913043478
"1112",0.0611071425531915
"1113",0.024133189787234
"1114",0.166583906382979
"1115",0.0707354234042553
"1116",0.0734644595744681
"1117",0.0630734
"1118",0.117998798510638
"1119",0.135829087234043
"1120",0.0270303617021277
"1121",0.133366104255319
"1122",0.126210164893617
"1123",0.0958003829787234
"1124",0.00846662340425532
"1125",0.0104959121276596
"1126",0.0387075071428571
"1127",-0.0120113025
"1128",0.0214975106382979
"1129",0.0566289936170213
"1130",0.0431059829787234
"1131",0.0927864342857143
"1132",0.0268883468085106
"1133",0.0221271052
"1134",0.0598284083333333
"1135",0.0289654615384615
"1136",0.184340111764706
"1137",NA
"1138",NA
"1139",NA
"1140",NA
"1141",0.0534754782608696
"1142",0.0161680793617021
"1143",0.0320098195652174
"1144",0.0493505042553191
"1145",0.0783212755319149
"1146",0.0621574026086956
"1147",0.0967787
"1148",0.108451859574468
"1149",0.0375633246808511
"1150",0.247864095652174
"1151",0.113516568085106
"1152",0.0506496182978723
"1153",0.0910450914893617
"1154",0.0419088489361702
"1155",-0.00215922127659574
"1156",-0.0193445512765957
"1157",0.0159775582978723
"1158",0.0322397219148936
"1159",0.0281419804255319
"1160",0.0126777617021277
"1161",0.110234817021277
"1162",0.0680371163043478
"1163",0.150595768085106
"1164",0.118906608510638
"1165",0.00939471063829787
"1166",0.0220752082978723
"1167",0.108215504347826
"1168",0.0716044606818182
"1169",0.0479991941463415
"1170",0.0571753532608696
"1171",0.0807584
"1172",0.0535297604255319
"1173",0.0677468889361702
"1174",0.105530434042553
"1175",0.150147091489362
"1176",0.156875846808511
"1177",0.159263763829787
"1178",0.157166080638298
"1179",0.253090320652174
"1180",0.209312554468085
"1181",0.173001787234043
"1182",0.32842064893617
"1183",0.529246468085106
"1184",0.329806434042553
"1185",0.215270165957447
"1186",0.540572062765957
"1187",0.599382372340426
"1188",0.497727446808511
"1189",0.596306069777778
"1190",0.741911695744681
"1191",0.307630164680851
"1192",0.1322885
"1193",0.136830244
"1194",NA
"1195",NA
"1196",-1.100445
"1197",0.11966714893617
"1198",-0.147866127659574
"1199",-0.620910638297872
"1200",-0.78634015106383
"1201",-0.755004510638298
"1202",-0.486160085106383
"1203",-1.18703046808511
"1204",0.32535988
"1205",-1.07957943829787
"1206",-0.956073960212766
"1207",-1.19216403234043
"1208",-1.00738687234043
"1209",-1.33658255319149
"1210",-1.02335353531915
"1211",-1.06628925531915
"1212",-0.947972670212766
"1213",-1.15452065957447
"1214",0.857103136363636
"1215",-0.893973588888889
"1216",-1.69820914893617
"1217",-0.843545804347826
"1218",1.0004367796
"1219",-0.344252787234043
"1220",-1.15591152173913
"1221",-1.21825591702128
"1222",-1.30592174468085
"1223",-1.78651663829787
"1224",-1.69488972212766
"1225",-0.06342523
"1226",NA
"1227",NA
"1228",NA
"1229",NA
"1230",NA
"1231",NA
"1232",NA
"1233",-2.15301666666667
"1234",-1.52259563404255
"1235",-2.5736100306383
"1236",-1.63772476595745
"1237",-1.15017659574468
"1238",-1.26217239130435
"1239",-0.251716694444444
"1240",0.662814336170213
"1241",-1.79661782978723
"1242",-0.0783887234042553
"1243",-1.69263391489362
"1244",-0.537725319148936
"1245",1.05851976595745
"1246",-1.81966825531915
"1247",-2.16712580652174
"1248",-1.47690805106383
"1249",-0.311491585106383
"1250",0.51716510212766
"1251",-0.925446595744681
"1252",-0.252970313043478
"1253",-1.96362901489362
"1254",-2.629863
"1255",-1.62945508510638
"1256",-0.810674893617021
"1257",-0.0780679782608696
"1258",0.49588070212766
"1259",0.198146153846154
"1260",-1.24112229787234
"1261",-1.06857380851064
"1262",0.267196843478261
"1263",0.379348363636364
"1264",-1.42216025641026
"1265",-0.544062765957447
"1266",-1.42632680851064
"1267",1.7000146627907
"1268",2.31340916666667
"1269",-3.643036375
"1270",-1.1877230212766
"1271",-0.327880655319149
"1272",-0.996264255319149
"1273",-0.624497234042553
"1274",-1.28422317021277
"1275",-1.1744821
"1276",0.7754293125
"1277",NA
"1278",NA
"1279",NA
"1280",NA
"1281",NA
"1282",-3.662818
"1283",0.00704205869565216
"1284",1.41289652173913
"1285",NA
"1286",NA
"1287",NA
"1288",NA
"1289",NA
"1290",NA
"1291",NA
"1292",NA
"1293",NA
"1294",NA
"1295",NA
"1296",NA
"1297",NA
"1298",-0.936321342857143
"1299",0.356684141304348
"1300",0.603408085106383
"1301",-0.22668629787234
"1302",-0.000796276595744664
"1303",0.156401021739131
"1304",-0.631178666666667
"1305",-2.20490695555556
"1306",-0.635098654347826
"1307",-0.827914893617021
"1308",-0.274973787234043
"1309",NA
"1310",NA
"1311",NA
"1312",NA
"1313",NA
"1314",NA
"1315",NA
"1316",NA
"1317",NA
"1318",NA
"1319",NA
"1320",NA
"1321",-0.999703191489362
"1322",-1.22125638297872
"1323",0.166061404255319
"1324",0.0873649787234042
"1325",0.7521225
"1326",-3.71775
"1327",0.0508086382978723
"1328",-0.600805711111111
"1329",-0.297149085714286
"1330",-0.796976456521739
"1331",-0.170098638297872
"1332",-0.875755127659574
"1333",-0.351124782608696
"1334",-1.05086985106383
"1335",-1.63085384782609
"1336",-1.15264619148936
"1337",0.0421386222222222
"1338",0.598100772727273
"1339",1.23914022727273
"1340",-0.757129565217391
"1341",-0.420559319148936
"1342",-0.0736469361702128
"1343",-0.0648729595744681
"1344",-0.757428212765957
"1345",-0.664638646382979
"1346",0.153845652173913
"1347",-1.01823986808511
"1348",0.27567348
"1349",NA
"1350",-0.287960170212766
"1351",-0.135142061702128
"1352",0.942777844680851
"1353",1.14528
"1354",NA
"1355",NA
"1356",NA
"1357",NA
"1358",-2.82242184615385
"1359",-0.495384757777778
"1360",0.4795602
"1361",-0.76020276875
"1362",0.392841914893617
"1363",-0.316149063829787
"1364",0.475135410638298
"1365",-1.20816889361702
"1366",-0.930459865957447
"1367",0.62660295106383
"1368",-0.627448254893617
"1369",-0.593092872340426
"1370",-0.717630110638298
"1371",-0.480348
"1372",-0.943498034042553
"1373",-0.737960221276596
"1374",-0.633366191489362
"1375",0.45128214893617
"1376",0.589106043478261
"1377",-0.31134570212766
"1378",-0.689742765957447
"1379",0.211247872340425
"1380",0.488349153191489
"1381",-0.14025385106383
"1382",0.128773829787234
"1383",0.0417307
"1384",-0.00167737234042553
"1385",0.165163326086957
"1386",0.432703957446809
"1387",0.483682910638298
"1388",0.279551723404255
"1389",0.375628170212766
"1390",0.383012382978723
"1391",0.280945872340426
"1392",0.266260337659574
"1393",0.326629044680851
"1394",0.268067136170213
"1395",0.451483330434783
"1396",0.320084361702128
"1397",0.297280326086957
"1398",0.5577548
"1399",0.226963170212766
"1400",0.235884531914894
"1401",0.218519829787234
"1402",0.186121634042553
"1403",0.262527653191489
"1404",0.0863415723404255
"1405",0.0691449382978723
"1406",0.306130936170213
"1407",0.0731431723404255
"1408",0.145864361111111
"1409",0.266740916666667
"1410",0.212750131914894
"1411",0.0676773223913043
"1412",0.204127525531915
"1413",0.0219931191489362
"1414",0.102140923076923
"1415",NA
"1416",0.195804444444444
"1417",0.295759089361702
"1418",0.217112082978723
"1419",0.235824978723404
"1420",0.201183653191489
"1421",0.229094044680851
"1422",0.190565086956522
"1423",0.0901693086956522
"1424",0.120446053191489
"1425",0.192503829787234
"1426",0.152828163043478
"1427",0.0515520978723404
"1428",0.0179048074468085
"1429",0.0932908319148936
"1430",0.238553427659574
"1431",0.106950266666667
"1432",0.132635589361702
"1433",0.231963276595745
"1434",0.171842363043478
"1435",0.214841863829787
"1436",0.0396576170212766
"1437",0.232019427659574
"1438",0.345258
"1439",0.361858880212766
"1440",0.17214132
"1441",0.299379206382979
"1442",0.298869365217391
"1443",0.309796242553191
"1444",0.345980297826087
"1445",0.103354206086957
"1446",0.0464771080851064
"1447",0.107393252173913
"1448",0.275663176595745
"1449",0.386441936170213
"1450",0.214610723404255
"1451",0.301932117391304
"1452",0.213290795652174
"1453",0.222325765957447
"1454",0.249603739130435
"1455",0.148921038297872
"1456",0.200646165957447
"1457",0.184942936170213
"1458",0.31404534893617
"1459",0.345378987179487
"1460",NA
"1461",NA
"1462",0.154960526315789
"1463",0.196082608695652
"1464",0.166871428571429
"1465",0.229085714285714
"1466",NA
"1467",0.501784
"1468",0.126366666666667
"1469",0.00125
"1470",NA
"1471",NA
"1472",NA
"1473",NA
"1474",NA
"1475",NA
"1476",NA
"1477",NA
"1478",NA
"1479",NA
"1480",NA
"1481",NA
"1482",0.366341666666667
"1483",0.04805
"1484",0.123403703703704
"1485",0.0953161290322581
"1486",0.133389743589744
"1487",-0.05775
"1488",0.0820823529411765
"1489",NA
"1490",-0.0136571428571429
"1491",0.14515
"1492",NA
"1493",NA
"1494",0.02619375
"1495",0.0552934782608696
"1496",0.0631108695652174
"1497",0.151289130434783
"1498",0.144841304347826
"1499",0.118467391304348
"1500",0.0940891304347826
"1501",0.102241304347826
"1502",0.109408695652174
"1503",0.0479955555555556
"1504",0.143763043478261
"1505",0.0680826086956522
"1506",0.17925
"1507",0.105495652173913
"1508",0.13595652173913
"1509",0.0621304347826087
"1510",0.0737882352941176
"1511",0.0631666666666667
"1512",0.0275333333333333
"1513",-0.0107235294117647
"1514",0.161341304347826
"1515",0.0207333333333333
"1516",NA
"1517",NA
"1518",NA
"1519",NA
"1520",0.0583617647058824
"1521",0.0533934782608696
"1522",0.0787673913043478
"1523",0.1667
"1524",0.0204888888888889
"1525",0.0802652173913043
"1526",0.0580826086956522
"1527",0.0980108695652174
"1528",0.185784782608696
"1529",0.356928260869565
"1530",0.191106666666667
"1531",0.0661630434782609
"1532",0.105109090909091
"1533",0.376010869565217
"1534",0.196036956521739
"1535",0.156415217391304
"1536",0.0715891304347826
"1537",0.0906826086956522
"1538",0.216272727272727
"1539",0.11595652173913
"1540",0.0535133333333333
"1541",0.102536363636364
"1542",0.130033333333333
"1543",NA
"1544",0.5687
"1545",0.557259523809524
"1546",0.496657777777778
"1547",0.503728260869565
"1548",0.35576976744186
"1549",0.541873913043478
"1550",0.648818181818182
"1551",0.361463636363636
"1552",0.468248837209302
"1553",0.348710869565217
"1554",0.300641304347826
"1555",0.246478260869565
"1556",0.267151111111111
"1557",0.328408695652174
"1558",0.183572727272727
"1559",0.291669565217391
"1560",0.32814347826087
"1561",0.196402173913043
"1562",0.261032608695652
"1563",0.338976086956522
"1564",0.444655555555556
"1565",0.489375
"1566",0.199888888888889
"1567",NA
"1568",-0.3781
"1569",-0.197945652173913
"1570",-0.479910869565217
"1571",-0.167284090909091
"1572",-0.973165217391304
"1573",-0.989921739130435
"1574",-0.776768888888889
"1575",-0.768721739130435
"1576",-0.821195652173913
"1577",-1.21741136363636
"1578",-0.74314347826087
"1579",-0.991723913043478
"1580",-1.81644130434783
"1581",-1.07494222222222
"1582",-1.95050869565217
"1583",-0.718015555555556
"1584",-0.150795652173913
"1585",-0.0551761904761905
"1586",-1.46434130434783
"1587",-1.54940888888889
"1588",-0.420676666666667
"1589",NA
"1590",NA
"1591",NA
"1592",NA
"1593",-1.30188888888889
"1594",-2.37503111111111
"1595",-1.77529777777778
"1596",-2.15021086956522
"1597",-1.96104772727273
"1598",-0.5224025
"1599",-0.266287804878049
"1600",-0.980558695652174
"1601",-0.279946341463415
"1602",-0.295183720930233
"1603",-0.869165909090909
"1604",-0.583052173913043
"1605",-2.16186585365854
"1606",-1.96122045454545
"1607",-1.47688043478261
"1608",-1.71222954545455
"1609",0.664237142857143
"1610",-0.742171111111111
"1611",-1.51064130434783
"1612",-0.569986046511628
"1613",0.73314
"1614",-0.0479916666666667
"1615",-0.133233333333333
"1616",-1.94719782608696
"1617",-0.27389347826087
"1618",-2.78832058823529
"1619",-2.24583695652174
"1620",-4.3103125
"1621",-3.86464230769231
"1622",-2.64267777777778
"1623",-0.798805
"1624",-3.341695
"1625",-1.00391818181818
"1626",-4.73776923076923
"1627",-3.9359
"1628",-3.904924
"1629",-2.1998
"1630",-3.06403939393939
"1631",-5.94708421052632
"1632",-3.88805
"1633",NA
"1634",NA
"1635",NA
"1636",NA
"1637",-1.72046
"1638",-0.310025
"1639",-1.57248222222222
"1640",-1.07254772727273
"1641",-0.903960869565217
"1642",0.786842857142857
"1643",-0.306268888888889
"1644",-0.512482051282051
"1645",0.793095555555556
"1646",-0.363526086956522
"1647",-0.642757777777778
"1648",0.265563636363636
"1649",-0.11210487804878
"1650",-2.72490444444444
"1651",-0.616661363636364
"1652",-2.58743
"1653",-1.21804347826087
"1654",-1.83309523809524
"1655",0.669380434782609
"1656",-0.311466666666667
"1657",-0.31208
"1658",0.771173333333333
"1659",-0.398034090909091
"1660",0.505307692307692
"1661",-0.860508695652174
"1662",-0.687771739130435
"1663",-0.8632725
"1664",0.400763043478261
"1665",1.36674666666667
"1666",0.402775609756098
"1667",-0.479308695652174
"1668",-1.06539565217391
"1669",-1.02086
"1670",-0.413497826086957
"1671",-0.0327975609756097
"1672",-0.467977272727273
"1673",-0.283965217391304
"1674",-1.48547608695652
"1675",-1.47321304347826
"1676",-1.59879523809524
"1677",-0.0417021739130434
"1678",-0.844728260869565
"1679",-0.869979069767442
"1680",-0.944060465116279
"1681",-0.306061363636364
"1682",1.14817173913043
"1683",-0.793814285714286
"1684",-0.740982608695652
"1685",-1.68553695652174
"1686",-1.04860487804878
"1687",-2.26495434782609
"1688",-2.02097826086957
"1689",-2.37595681818182
"1690",-0.814686956521739
"1691",-1.06148695652174
"1692",0.131036956521739
"1693",2.52409347826087
"1694",1.41361739130435
"1695",0.4052325
"1696",-1.35057391304348
"1697",-1.71776304347826
"1698",-1.2770347826087
"1699",-0.0300195652173913
"1700",-1.17136739130435
"1701",0.529858695652174
"1702",-1.93745454545455
"1703",-0.440861538461538
"1704",-0.763952173913043
"1705",-0.331474285714286
"1706",-0.702195652173913
"1707",-0.653631111111111
"1708",0.442472727272727
"1709",-0.011345652173913
"1710",-0.279086956521739
"1711",-0.564273913043478
"1712",-1.39104347826087
"1713",-0.528530434782609
"1714",0.625419565217391
"1715",0.254104347826087
"1716",-0.0835891304347826
"1717",-1.40790217391304
"1718",-1.41652391304348
"1719",-1.78738260869565
"1720",-0.363513636363636
"1721",0.488180434782609
"1722",-1.24082391304348
"1723",-1.37560217391304
"1724",0.194522727272727
"1725",-0.758108695652174
"1726",-0.733165217391304
"1727",0.488780434782609
"1728",-0.755115217391304
"1729",-1.07712666666667
"1730",-1.15785
"1731",-1.2138976744186
"1732",-0.630428260869565
"1733",0.652747727272727
"1734",-0.788064285714286
"1735",-0.664857777777778
"1736",-0.621304444444444
"1737",-0.30765
"1738",-0.47479347826087
"1739",-0.181519565217391
"1740",0.268360465116279
"1741",-0.471297826086957
"1742",0.418119565217391
"1743",-0.41719347826087
"1744",-0.212118181818182
"1745",0.388565217391304
"1746",-0.6561
"1747",0.175757777777778
"1748",0.220282608695652
"1749",0.11936
"1750",-0.118186956521739
"1751",0.357932608695652
"1752",0.519722727272727
"1753",0.19394347826087
"1754",0.21698
"1755",-0.0355413043478261
"1756",0.287326086956522
"1757",0.358923913043478
"1758",0.0685282608695652
"1759",0.424338095238095
"1760",0.260543181818182
"1761",0.521647826086956
"1762",0.488658695652174
"1763",0.211363043478261
"1764",0.213739534883721
"1765",0.368695652173913
"1766",0.454067391304348
"1767",0.301126829268293
"1768",0.357702173913043
"1769",0.324595652173913
"1770",0.316595652173913
"1771",0.310636956521739
"1772",0.339586956521739
"1773",0.186734782608696
"1774",0.323752272727273
"1775",0.14154347826087
"1776",0.1145
"1777",-0.994310869565217
"1778",0.192460526315789
"1779",0.448841304347826
"1780",0.198284782608696
"1781",NA
"1782",0.212815555555556
"1783",0.24964347826087
"1784",0.2508
"1785",0.211451162790698
"1786",0.433476086956522
"1787",-0.105736363636364
"1788",0.393032608695652
"1789",0.256336956521739
"1790",0.186197826086957
"1791",0.290465217391304
"1792",0.173289130434783
"1793",0.317197826086957
"1794",0.306819565217391
"1795",0.236632608695652
"1796",0.202204347826087
"1797",0.111363043478261
"1798",0.102847826086957
"1799",0.0464760869565217
"1800",0.187526086956522
"1801",0.183734782608696
"1802",0.22319347826087
"1803",0.142469565217391
"1804",0.31625
"1805",0.295286956521739
"1806",0.225973913043478
"1807",0.0702739130434783
"1808",0.0783021739130435
"1809",0.272858695652174
"1810",0.242091304347826
"1811",0.0915869565217391
"1812",0.0601847826086956
"1813",0.0532413043478261
"1814",0.0538195652173913
"1815",0.177973333333333
"1816",0.774926666666667
"1817",0.303630434782609
"1818",-0.258230434782609
"1819",0.0305695652173913
"1820",0.171510869565217
"1821",0.156936956521739
"1822",0.083545652173913
"1823",0.119786363636364
"1824",0.141765217391304
"1825",0.054425
"1826",-0.432804
"1827",-0.614689361702128
"1828",-0.441370212765957
"1829",0.218985106382979
"1830",0.220917021276596
"1831",0.0777659574468085
"1832",0.127823404255319
"1833",0.180434042553191
"1834",0.15274
"1835",-0.572595744680851
"1836",-0.103391489361702
"1837",0.0356510638297872
"1838",0.065936170212766
"1839",0.0473085106382979
"1840",0.0726369565217391
"1841",0.0205872340425532
"1842",0.0707829787234042
"1843",0.15654347826087
"1844",0.0951191489361702
"1845",0.162091489361702
"1846",0.0692191489361702
"1847",0.162414893617021
"1848",-0.00739565217391304
"1849",0.0752191489361702
"1850",0.161036170212766
"1851",0.12088085106383
"1852",0.114621276595745
"1853",0.150065957446809
"1854",-0.00256382978723404
"1855",-0.0102829787234043
"1856",0.144895744680851
"1857",0.101065957446809
"1858",0.0946744680851064
"1859",0.0692212765957447
"1860",0.137774468085106
"1861",0.173104255319149
"1862",0.128895744680851
"1863",0.0673340425531915
"1864",0.193993617021277
"1865",0.0737978723404255
"1866",0.0217021276595745
"1867",0.127291489361702
"1868",0.0721340425531915
"1869",0.103742553191489
"1870",0.0365106382978723
"1871",0.106953191489362
"1872",0.0935957446808511
"1873",0.20898085106383
"1874",-0.029
"1875",0.20213829787234
"1876",0.0440595744680851
"1877",0.139574468085106
"1878",0.0747723404255319
"1879",0.0161106382978723
"1880",0.134755319148936
"1881",0.2067
"1882",0.122182978723404
"1883",0.144078723404255
"1884",0.0596063829787234
"1885",0.0661659574468085
"1886",0.0985617021276596
"1887",0.0467702127659574
"1888",-0.0209531914893617
"1889",0.0512851063829787
"1890",0.0763170212765957
"1891",-0.00321521739130435
"1892",0.0767872340425532
"1893",0.101876595744681
"1894",0.177534042553191
"1895",0.217987234042553
"1896",0.15855
"1897",NA
"1898",NA
"1899",NA
"1900",0.255708510638298
"1901",0.127929787234043
"1902",0.177248936170213
"1903",0.167853191489362
"1904",0.142223404255319
"1905",0.0976276595744681
"1906",0.245451063829787
"1907",0.227985106382979
"1908",0.0825531914893617
"1909",0.177617021276596
"1910",0.0387851063829787
"1911",0.0742553191489362
"1912",0.163548936170213
"1913",0.0309765957446809
"1914",0.172002127659574
"1915",0.0863
"1916",0.104931914893617
"1917",0.147478723404255
"1918",0.20423829787234
"1919",0.2513
"1920",0.254026315789474
"1921",NA
"1922",NA
"1923",NA
"1924",NA
"1925",NA
"1926",NA
"1927",0.205455555555556
"1928",0.577440425531915
"1929",0.618089361702128
"1930",0.701129787234043
"1931",0.774659574468085
"1932",0.243259574468085
"1933",0.286223404255319
"1934",0.00304468085106383
"1935",-0.209976595744681
"1936",0.375895744680851
"1937",0.183391489361702
"1938",0.502972340425532
"1939",0.639375
"1940",NA
"1941",NA
"1942",-0.0465307692307692
"1943",0.250857446808511
"1944",0.0798936170212766
"1945",-0.0435340425531915
"1946",-0.0803936170212766
"1947",-0.303751063829787
"1948",-0.31191914893617
"1949",-0.197351063829787
"1950",-0.6452
"1951",-0.422404255319149
"1952",-0.39778085106383
"1953",-0.844070212765957
"1954",-0.645025531914894
"1955",-0.605091489361702
"1956",-0.15126170212766
"1957",-0.482851063829787
"1958",-0.470906382978723
"1959",-0.66983829787234
"1960",-0.865242553191489
"1961",-0.971668085106383
"1962",-1.28159787234043
"1963",-0.68878085106383
"1964",-1.6790829787234
"1965",-0.806317021276596
"1966",-0.56758085106383
"1967",-1.35244893617021
"1968",-1.25405531914894
"1969",-1.25422765957447
"1970",-1.20820212765957
"1971",-1.36365531914894
"1972",-1.23000425531915
"1973",-1.56675744680851
"1974",-1.67412765957447
"1975",-1.30460425531915
"1976",-1.47276808510638
"1977",-1.41606595744681
"1978",-1.83083191489362
"1979",-2.23815957446809
"1980",-1.87095531914894
"1981",-1.57799787234043
"1982",-0.332631914893617
"1983",-1.11358510638298
"1984",-1.2391914893617
"1985",-0.390325531914894
"1986",-1.2901085106383
"1987",-0.789863829787234
"1988",-1.63776382978723
"1989",-1.85485319148936
"1990",-0.2042
"1991",-1.13057021276596
"1992",-1.72482127659574
"1993",-2.58645319148936
"1994",-1.23052340425532
"1995",-0.314293333333333
"1996",NA
"1997",-1.18103488372093
"1998",-1.94220857142857
"1999",-0.540742553191489
"2000",-0.328535555555556
"2001",-0.538940425531915
"2002",-1.79932340425532
"2003",-0.968665957446809
"2004",-1.31951489361702
"2005",-0.0817851063829787
"2006",-0.450351063829787
"2007",-0.6438
"2008",0.427823404255319
"2009",-1.55133404255319
"2010",-1.87874680851064
"2011",-1.47685531914894
"2012",-0.433470212765957
"2013",-0.189602127659574
"2014",-1.71906382978723
"2015",-0.723559574468085
"2016",-1.78574255319149
"2017",-1.0443914893617
"2018",0.2271
"2019",-1.34323191489362
"2020",-1.48415319148936
"2021",-0.638251063829787
"2022",-1.00439787234043
"2023",-1.10676595744681
"2024",-0.323621276595745
"2025",-0.364351063829787
"2026",-2.41915869565217
"2027",1.34547446808511
"2028",-0.234770212765957
"2029",-0.543687234042553
"2030",-0.351987234042553
"2031",2.07966595744681
"2032",-0.870648936170213
"2033",-0.298163829787234
"2034",-0.50121914893617
"2035",0.39983829787234
"2036",-0.580555319148936
"2037",0.151225531914894
"2038",-0.938544680851064
"2039",-1.67255531914894
"2040",-1.06590212765957
"2041",-0.891865957446809
"2042",-0.219648936170213
"2043",-1.26339361702128
"2044",-1.28109361702128
"2045",-0.712376595744681
"2046",-0.783834782608696
"2047",-0.927470212765957
"2048",-0.69166170212766
"2049",-0.711848936170213
"2050",0.282429787234043
"2051",-0.186293617021277
"2052",-0.0267446808510638
"2053",0.938951063829787
"2054",0.0668404255319149
"2055",0.85673829787234
"2056",-0.290834042553192
"2057",-0.567340425531915
"2058",0.260140425531915
"2059",0.984242553191489
"2060",-0.793434042553191
"2061",-2.61718260869565
"2062",-1.79214893617021
"2063",-0.0758680851063829
"2064",-0.991917391304348
"2065",2.2592152173913
"2066",-1.13396304347826
"2067",-2.03735744680851
"2068",-1.38289574468085
"2069",-1.30735957446809
"2070",-0.800087234042553
"2071",0.0125382978723404
"2072",-1.12331914893617
"2073",-0.733148936170213
"2074",-0.888946808510638
"2075",-1.62880638297872
"2076",-1.51533617021277
"2077",-0.884734042553191
"2078",-1.25775744680851
"2079",-0.9488
"2080",-0.32101914893617
"2081",-0.458268085106383
"2082",-0.388806382978723
"2083",-1.58654255319149
"2084",-0.554563829787234
"2085",-0.640536170212766
"2086",-0.238853191489362
"2087",-1.10238260869565
"2088",-0.691491489361702
"2089",-0.817544680851064
"2090",-1.04724468085106
"2091",-0.734095744680851
"2092",0.359047826086957
"2093",0.976191489361702
"2094",-0.467727659574468
"2095",0.257444680851064
"2096",0.339078723404255
"2097",0.0550808510638298
"2098",0.4709
"2099",-0.937512765957447
"2100",-0.360314893617021
"2101",-0.473987234042553
"2102",-0.45696170212766
"2103",-0.461870212765957
"2104",-0.198517021276596
"2105",0.246834042553191
"2106",1.35024090909091
"2107",0.0848063829787234
"2108",0.568291489361702
"2109",-0.631108510638298
"2110",-0.186642553191489
"2111",0.124646808510638
"2112",0.472612765957447
"2113",-0.0091872340425532
"2114",0.167470212765957
"2115",-0.475310638297872
"2116",-0.290985106382979
"2117",-0.359076595744681
"2118",0.152627659574468
"2119",-0.208789361702128
"2120",0.0420702127659574
"2121",0.641274468085106
"2122",-0.0366936170212766
"2123",0.0739510638297872
"2124",0.196892857142857
"2125",NA
"2126",NA
"2127",NA
"2128",NA
"2129",NA
"2130",0.2686
"2131",0.317944680851064
"2132",0.15188085106383
"2133",0.431453191489362
"2134",0.294359574468085
"2135",0.497423404255319
"2136",0.498868085106383
"2137",0.162002127659574
"2138",0.132393617021277
"2139",0.181710638297872
"2140",0.126148484848485
"2141",NA
"2142",NA
"2143",NA
"2144",0.142888888888889
"2145",0.236385106382979
"2146",0.351742553191489
"2147",0.338670212765957
"2148",0.317712765957447
"2149",0.204565957446808
"2150",0.312617021276596
"2151",0.195314893617021
"2152",0.209853191489362
"2153",0.32471914893617
"2154",0.438276595744681
"2155",0.268931914893617
"2156",0.258063829787234
"2157",0.3971
"2158",0.258602173913043
"2159",0.2547
"2160",0.158967741935484
"2161",NA
"2162",NA
"2163",0.1625275
"2164",0.102440425531915
"2165",0.168282978723404
"2166",0.202212765957447
"2167",0.280976595744681
"2168",0.161791489361702
"2169",0.183497872340426
"2170",0.175187234042553
"2171",0.0904673913043478
"2172",0.153818604651163
"2173",0.121314893617021
"2174",0.138221276595745
"2175",0.125765957446809
"2176",0.101965957446809
"2177",0.103908510638298
"2178",0.115776595744681
"2179",0.140808510638298
"2180",0.0969468085106383
"2181",0.161027659574468
"2182",0.0682127659574468
"2183",0.121804761904762
"2184",0.21165
"2185",0.0782021276595745
"2186",0.0230531914893617
"2187",0.108902127659574
"2188",0.0733851063829787
"2189",0.183429787234043
"2190",0.113295744680851
"2191",0.272455319148936
"2192",0.0690765957446808
